"id","text","created_at","did_report_as_spam","owner.id","owner.is_verified","owner.profile_pic_url","owner.username","likes","comments"
"17920336135431163","Youngnikgram",1595575451,false,"10700828036",false,"https://scontent.cdninstagram.com/v/t51.2885-19/44884218_345707102882519_2446069589734326272_n.jpg?_nc_ht=scontent.cdninstagram.com&_nc_ohc=_37RkaFTLEEAX-xkS9i&oh=b52283869d2449662f84d24bf1323345&oe=5F43228F&ig_cache_key=YW5vbnltb3VzX3Byb2ZpbGVfcGlj.2","desaclothing",0,0
"17864203603944131","Youngnikgram",1595575457,false,"10700828036",false,"https://scontent.cdninstagram.com/v/t51.2885-19/44884218_345707102882519_2446069589734326272_n.jpg?_nc_ht=scontent.cdninstagram.com&_nc_ohc=_37RkaFTLEEAX-xkS9i&oh=b52283869d2449662f84d24bf1323345&oe=5F43228F&ig_cache_key=YW5vbnltb3VzX3Byb2ZpbGVfcGlj.2","desaclothing",0,0
"18030603169279817","Youngnikgram",1595575460,false,"10700828036",false,"https://scontent.cdninstagram.com/v/t51.2885-19/44884218_345707102882519_2446069589734326272_n.jpg?_nc_ht=scontent.cdninstagram.com&_nc_ohc=_37RkaFTLEEAX-xkS9i&oh=b52283869d2449662f84d24bf1323345&oe=5F43228F&ig_cache_key=YW5vbnltb3VzX3Byb2ZpbGVfcGlj.2","desaclothing",0,0
"17843147492318406","Youngnikgram",1595575466,false,"10700828036",false,"https://scontent.cdninstagram.com/v/t51.2885-19/44884218_345707102882519_2446069589734326272_n.jpg?_nc_ht=scontent.cdninstagram.com&_nc_ohc=_37RkaFTLEEAX-xkS9i&oh=b52283869d2449662f84d24bf1323345&oe=5F43228F&ig_cache_key=YW5vbnltb3VzX3Byb2ZpbGVfcGlj.2","desaclothing",0,0
"18045798028250426","Gidochi",1595575472,false,"5451266616",false,"https://scontent-ort2-1.cdninstagram.com/v/t51.2885-19/s150x150/101951433_684103962430981_4057877563063924493_n.jpg?_nc_ht=scontent-ort2-1.cdninstagram.com&_nc_ohc=znr85OdwBfIAX_dmjv0&oh=aec0ada85640a9626e94c101fa4a9ce9&oe=5F45D416","nharnhar_khojo",0,0
"17874116974786508","Gidochi",1595575476,false,"5451266616",false,"https://scontent-ort2-1.cdninstagram.com/v/t51.2885-19/s150x150/101951433_684103962430981_4057877563063924493_n.jpg?_nc_ht=scontent-ort2-1.cdninstagram.com&_nc_ohc=znr85OdwBfIAX_dmjv0&oh=aec0ada85640a9626e94c101fa4a9ce9&oe=5F45D416","nharnhar_khojo",0,0
"17896630060547866","Gidochi",1595575484,false,"5451266616",false,"https://scontent-ort2-1.cdninstagram.com/v/t51.2885-19/s150x150/101951433_684103962430981_4057877563063924493_n.jpg?_nc_ht=scontent-ort2-1.cdninstagram.com&_nc_ohc=znr85OdwBfIAX_dmjv0&oh=aec0ada85640a9626e94c101fa4a9ce9&oe=5F45D416","nharnhar_khojo",0,0
"18063683632234936","Gidochi",1595575486,false,"5451266616",false,"https://scontent-ort2-1.cdninstagram.com/v/t51.2885-19/s150x150/101951433_684103962430981_4057877563063924493_n.jpg?_nc_ht=scontent-ort2-1.cdninstagram.com&_nc_ohc=znr85OdwBfIAX_dmjv0&oh=aec0ada85640a9626e94c101fa4a9ce9&oe=5F45D416","nharnhar_khojo",0,0
"17849542586198912","Gidochi",1595575490,false,"5451266616",false,"https://scontent-ort2-1.cdninstagram.com/v/t51.2885-19/s150x150/101951433_684103962430981_4057877563063924493_n.jpg?_nc_ht=scontent-ort2-1.cdninstagram.com&_nc_ohc=znr85OdwBfIAX_dmjv0&oh=aec0ada85640a9626e94c101fa4a9ce9&oe=5F45D416","nharnhar_khojo",0,0
"17883891385656470","Gidochi",1595575496,false,"5451266616",false,"https://scontent-ort2-1.cdninstagram.com/v/t51.2885-19/s150x150/101951433_684103962430981_4057877563063924493_n.jpg?_nc_ht=scontent-ort2-1.cdninstagram.com&_nc_ohc=znr85OdwBfIAX_dmjv0&oh=aec0ada85640a9626e94c101fa4a9ce9&oe=5F45D416","nharnhar_khojo",0,0
"17876067910773688","Gidochi",1595575504,false,"5451266616",false,"https://scontent-ort2-1.cdninstagram.com/v/t51.2885-19/s150x150/101951433_684103962430981_4057877563063924493_n.jpg?_nc_ht=scontent-ort2-1.cdninstagram.com&_nc_ohc=znr85OdwBfIAX_dmjv0&oh=aec0ada85640a9626e94c101fa4a9ce9&oe=5F45D416","nharnhar_khojo",0,0
"17871436561848041","Gidochi",1595575508,false,"5451266616",false,"https://scontent-ort2-1.cdninstagram.com/v/t51.2885-19/s150x150/101951433_684103962430981_4057877563063924493_n.jpg?_nc_ht=scontent-ort2-1.cdninstagram.com&_nc_ohc=znr85OdwBfIAX_dmjv0&oh=aec0ada85640a9626e94c101fa4a9ce9&oe=5F45D416","nharnhar_khojo",0,0
"17873126500840249","Gidochi",1595575512,false,"5451266616",false,"https://scontent-ort2-1.cdninstagram.com/v/t51.2885-19/s150x150/101951433_684103962430981_4057877563063924493_n.jpg?_nc_ht=scontent-ort2-1.cdninstagram.com&_nc_ohc=znr85OdwBfIAX_dmjv0&oh=aec0ada85640a9626e94c101fa4a9ce9&oe=5F45D416","nharnhar_khojo",0,0
"17887158703617450","Gidochi",1595575516,false,"5451266616",false,"https://scontent-ort2-1.cdninstagram.com/v/t51.2885-19/s150x150/101951433_684103962430981_4057877563063924493_n.jpg?_nc_ht=scontent-ort2-1.cdninstagram.com&_nc_ohc=znr85OdwBfIAX_dmjv0&oh=aec0ada85640a9626e94c101fa4a9ce9&oe=5F45D416","nharnhar_khojo",0,0
"17856412238107155","Gidochi",1595575535,false,"5451266616",false,"https://scontent-ort2-1.cdninstagram.com/v/t51.2885-19/s150x150/101951433_684103962430981_4057877563063924493_n.jpg?_nc_ht=scontent-ort2-1.cdninstagram.com&_nc_ohc=znr85OdwBfIAX_dmjv0&oh=aec0ada85640a9626e94c101fa4a9ce9&oe=5F45D416","nharnhar_khojo",0,0